player_id,version,name,full_name,description,image,height_cm,weight_kg,dob,positions,overall_rating,potential,value,wage,preferred_foot,weak_foot,skill_moves,international_reputation,work_rate,body_type,real_face,release_clause,specialities,club_id,club_name,club_league_id,club_league_name,club_logo,club_rating,club_position,club_kit_number,club_joined,club_contract_valid_until,country_id,country_name,country_league_id,country_league_name,country_flag,country_rating,country_position,country_kit_number,crossing,finishing,heading_accuracy,short_passing,volleys,dribbling,curve,fk_accuracy,long_passing,ball_control,acceleration,sprint_speed,agility,reactions,balance,shot_power,jumping,stamina,strength,long_shots,aggression,interceptions,positioning,vision,penalties,composure,defensive_awareness,standing_tackle,sliding_tackle,gk_diving,gk_handling,gk_kicking,gk_positioning,gk_reflexes,play_styles
239085,2024-07-08,Erling Haaland,Erling Braut Haaland,"Erling Haaland (Erling Braut Haaland, born 21 July 2000) is a Norwegian footballer who plays as a striker for British club Manchester City, and the Norway national team. In the game FC 24, his overall rating is 91.",https://cdn.sofifa.net/players/239/085/24_120.png,195,94,2000-07-21,ST,91,94,€185M,€340K,Left,3 ,3 ,5 ,High/High,Unique,Yes,€356.1M,"Aerial threat,Distance shooter,Strength,Clinical finisher,Complete forward",10,Manchester City,13,Premier League,https://cdn.sofifa.net/meta/team/9/30.png,85,ST,9,2022-07-01,2027,1352,Norway,78,Friendly International,https://cdn.sofifa.net/meta/team/18578/30.png,76,ST,9,47,96,83,77,90,79,77,62,63,82,82,94,78,94,72,94,93,76,93,86,87,43,96,74,86,87,38,47,29,7,14,13,11,7,"Acrobatic +,Power Header,Quick Step"
231747,2024-07-08,Kylian Mbappé,Kylian Mbappé Lottin,"Kylian Mbappé (Kylian Mbappé Lottin, born 20 December 1998) is a French footballer who plays as a striker for French club Paris Saint Germain, and the France national team. In the game FC 24, his overall rating is 91.",https://cdn.sofifa.net/players/231/747/24_120.png,182,75,1998-12-20,"ST,LW",91,94,€181.5M,€230K,Right,4 ,5 ,5 ,High/Low,Unique,Yes,€349.4M,"Speedster,Dribbler,Acrobat,Clinical finisher,Complete forward",73,Paris Saint Germain,16,Ligue 1,https://cdn.sofifa.net/meta/team/591/30.png,83,ST,7,2018-07-01,2024,1335,France,78,Friendly International,https://cdn.sofifa.net/meta/team/18647/30.png,84,LW,10,78,94,73,86,84,93,80,69,71,92,97,97,93,93,82,90,88,88,77,83,64,38,93,83,84,88,26,34,32,13,5,7,11,6,"Quick Step +,Finesse Shot,Rapid,Flair,Trivela,Acrobatic,Solid Player"
192985,2024-07-08,Kevin De Bruyne,Kevin De Bruyne,"Kevin De Bruyne (born 28 June 1991) is a Belgian footballer who plays as a center midfield for British club Manchester City, and the Belgium national team. In the game FC 24, his overall rating is 91.",https://cdn.sofifa.net/players/192/985/24_120.png,181,75,1991-06-28,"CM,CAM",91,91,€103M,€350K,Right,5 ,4 ,5 ,High/Medium,Unique,Yes,€190.6M,"Dribbler,Playmaker,Distance shooter,Crosser,Complete midfielder",10,Manchester City,13,Premier League,https://cdn.sofifa.net/meta/team/9/30.png,85,CAM,17,2015-08-30,2025,1325,Belgium,78,Friendly International,https://cdn.sofifa.net/meta/team/18743/30.png,81,CAM,7,95,85,55,94,83,86,92,83,94,92,74,74,76,92,78,92,73,88,75,92,75,66,88,95,83,88,66,70,53,15,13,5,10,13,"Incisive Pass +,Dead Ball,Pinged Pass,Long Ball Pass,Whipped Cross,Trivela,Long Shot Taker (CPU AI),Injury Prone,Leadership"
188545,2024-07-08,Robert Lewandowski,Robert Lewandowski,"Robert Lewandowski (born 21 August 1988) is a Polish footballer who plays as a striker for Spanish club FC Barcelona, and the Poland national team. In the game FC 24, his overall rating is 90.",https://cdn.sofifa.net/players/188/545/24_120.png,185,81,1988-08-21,ST,90,90,€58M,€340K,Right,4 ,4 ,5 ,High/Medium,Unique,Yes,€118.9M,"Aerial threat,Dribbler,Distance shooter,Clinical finisher,Complete forward",241,FC Barcelona,53,La Liga,https://cdn.sofifa.net/meta/team/83/30.png,84,ST,9,2022-07-18,2026,1353,Poland,78,Friendly International,https://cdn.sofifa.net/meta/team/18699/30.png,77,RS,9,76,93,91,84,89,86,79,85,70,90,76,75,77,93,83,91,92,76,89,84,81,49,94,81,90,88,35,42,19,15,6,12,8,10,"Power Header +,Finesse Shot,Chip Shot,Power Shot,Incisive Pass,First Touch,Trivela,Solid Player"
158023,2024-07-08,Lionel Messi,Lionel Andrés Messi Cuccittini,"Lionel Messi (Lionel Andrés Messi Cuccittini, born 24 June 1987) is an Argentine footballer who plays as a center forward for American club Inter Miami, and the Argentina national team. In the game FC 24, his overall rating is 90.",https://cdn.sofifa.net/players/158/023/24_120.png,169,67,1987-06-24,"CF,CAM",90,90,€41M,€23K,Left,4 ,4 ,5 ,Low/Low,Unique,Yes,€57.4M,"Dribbler,Playmaker,FK Specialist,Acrobat,Clinical finisher,Complete midfielder,Complete forward",112893,Inter Miami,39,Major League Soccer,https://cdn.sofifa.net/meta/team/239235/30.png,75,RW,10,2023-07-16,2025,1369,Argentina,78,Friendly International,https://cdn.sofifa.net/meta/team/18644/30.png,83,RW,10,83,89,60,91,86,96,93,93,90,93,87,74,91,88,95,83,71,70,68,90,44,40,91,92,75,96,20,35,24,6,11,15,14,8,"Technical +,Finesse Shot,Dead Ball,Incisive Pass,Tiki Taka,Quick Step,Trivela,Long Shot Taker (CPU AI)"
212831,2024-07-08,Alisson,Alisson Ramsés Becker,"Alisson (Alisson Ramsés Becker, born 2 October 1992) is a Brazilian footballer who plays as a goalkeeper for British club Liverpool. In the game FC 24, his overall rating is 89.",https://cdn.sofifa.net/players/212/831/24_120.png,193,91,1992-10-02,GK,89,89,€68.5M,€180K,Right,3 ,1 ,5 ,Medium/Medium,Unique,Yes,€126.7M,,9,Liverpool,13,Premier League,https://cdn.sofifa.net/meta/team/8/30.png,83,GK,1,2018-07-19,2027,,,,,,,,,17,13,29,60,20,27,19,18,58,42,60,49,40,87,37,64,82,32,78,14,27,11,13,66,23,66,15,19,16,86,85,85,90,89,"Far Throw,Cross Claimer,Rush Out"
209331,2024-07-08,Mohamed Salah,Mohamed Salah Ghaly,"Mohamed Salah (Mohamed Salah Ghaly, born 15 June 1992) is an Egyptian footballer who plays as a right winger for British club Liverpool. In the game FC 24, his overall rating is 89.",https://cdn.sofifa.net/players/209/331/24_120.png,175,72,1992-06-15,RW,89,89,€85.5M,€260K,Left,3 ,4 ,5 ,High/Medium,Unique,Yes,€158.2M,"Dribbler,Acrobat,Clinical finisher,Complete forward",9,Liverpool,13,Premier League,https://cdn.sofifa.net/meta/team/8/30.png,83,RW,11,2017-07-01,2025,,,,,,,,,80,92,59,85,83,88,84,69,77,86,89,89,89,93,91,82,81,87,77,84,63,55,92,85,81,90,38,43,41,14,14,9,11,14,"Finesse Shot +,Chip Shot,Rapid,Trivela"
203376,2024-07-08,Virgil van Dijk,Virgil van Dijk,"Virgil van Dijk (born 8 July 1991) is a Dutch footballer who plays as a center back for British club Liverpool, and the Netherlands national team. In the game FC 24, his overall rating is 89.",https://cdn.sofifa.net/players/203/376/24_120.png,193,92,1991-07-08,CB,89,89,€70.5M,€220K,Right,3 ,2 ,4 ,Medium/High,Unique,Yes,€130.4M,"Tackling,Tactician,Strength,Complete defender",9,Liverpool,13,Premier League,https://cdn.sofifa.net/meta/team/8/30.png,83,LCB,4,2018-01-01,2025,105035,Netherlands,78,Friendly International,https://cdn.sofifa.net/meta/team/18694/30.png,82,CB,4,53,52,87,80,45,70,60,70,86,77,66,87,59,88,50,81,89,72,93,64,85,88,47,67,62,89,90,91,86,13,10,13,11,11,"Aerial +,Power Header,Long Ball Pass,Jockey,Block,Anticipate,Bruiser,Leadership"
165153,2024-07-08,Karim Benzema,Karim Benzema,"Karim Benzema (born 19 December 1987) is a French footballer who plays as a striker for Saudi Arabian club Al Ittihad. In the game FC 24, his overall rating is 88.",https://cdn.sofifa.net/players/165/153/24_120.png,185,81,1987-12-19,"ST,CF",88,88,€39M,€86K,Right,4 ,4 ,5 ,Medium/Medium,Normal (170-185),Yes,€62.4M,"Poacher,Clinical finisher",607,Al Ittihad,350,Pro League,https://cdn.sofifa.net/meta/team/476/30.png,75,ST,9,2023-07-01,2026,,,,,,,,,75,89,90,89,88,87,82,73,76,91,76,77,77,88,72,87,84,80,80,81,63,39,90,88,71,88,43,24,18,13,11,5,5,7,"First Touch +,Finesse Shot,Incisive Pass,Tiki Taka,Relentless,Trivela"
167495,2024-07-08,Manuel Neuer,Manuel Peter Neuer,"Manuel Neuer (Manuel Peter Neuer, born 27 March 1986) is a German footballer who plays as a goalkeeper for German club FC Bayern München, and the Germany national team. In the game FC 24, his overall rating is 87.",https://cdn.sofifa.net/players/167/495/24_120.png,193,93,1986-03-27,GK,87,87,€9M,€55K,Right,4 ,1 ,5 ,Medium/Medium,Unique,Yes,€14.9M,,21,FC Bayern München,19,Bundesliga,https://cdn.sofifa.net/meta/team/503/30.png,84,GK,1,2011-07-01,2025,1337,Germany,78,Friendly International,https://cdn.sofifa.net/meta/team/18660/30.png,85,GK,1,15,13,25,60,11,30,14,11,68,46,48,50,51,84,35,68,77,43,80,16,29,30,12,70,47,70,17,10,11,84,85,90,88,84,"Pinged Pass,Far Throw,Cross Claimer,Rush Out,Injury Prone,Leadership"
224232,2024-07-08,Nicolò Barella,Nicolò Barella,"Nicolò Barella (born 7 February 1997) is an Italian footballer who plays as a center midfield for Italian club Inter, and the Italy national team. In the game FC 24, his overall rating is 86.",https://cdn.sofifa.net/players/224/232/24_120.png,172,68,1997-02-07,CM,86,87,€79.5M,€135K,Right,3 ,3 ,3 ,High/High,Normal (170-),Yes,€137.1M,"Engine,Acrobat",44,Inter,31,Serie A,https://cdn.sofifa.net/meta/team/2930/30.png,83,RCM,23,2020-09-01,2026,1343,Italy,78,Friendly International,https://cdn.sofifa.net/meta/team/18658/30.png,82,RCM,18,79,78,53,88,80,81,79,67,85,87,83,78,90,89,90,80,75,94,73,79,84,83,83,83,73,86,80,83,81,11,5,13,14,11,"Relentless +,Tiki Taka,Slide Tackle,Long Shot Taker (CPU AI)"
205452,2024-07-08,Antonio Rüdiger,Antonio Rüdiger,"Antonio Rüdiger (born 3 March 1993) is a German footballer who plays as a center back for Spanish club Real Madrid, and the Germany national team. In the game FC 24, his overall rating is 86.",https://cdn.sofifa.net/players/205/452/24_120.png,190,86,1993-03-03,CB,86,86,€55.5M,€220K,Right,3 ,2 ,3 ,High/High,Lean (185+),Yes,€113.8M,Strength,243,Real Madrid,53,La Liga,https://cdn.sofifa.net/meta/team/3468/30.png,85,RCB,22,2022-07-01,2026,1337,Germany,78,Friendly International,https://cdn.sofifa.net/meta/team/18660/30.png,85,RCB,2,68,40,83,80,34,64,50,56,81,70,71,91,56,84,50,84,90,70,91,67,91,82,54,61,40,80,85,85,84,14,15,10,12,8,"Aerial +,Block"
186942,2024-07-08,İlkay Gündoğan,İlkay Gündoğan,"İlkay Gündoğan (born 24 October 1990) is a German footballer who plays as a center midfield for Spanish club FC Barcelona, and the Germany national team. In the game FC 24, his overall rating is 86.",https://cdn.sofifa.net/players/186/942/24_120.png,180,80,1990-10-24,"CM,CDM",86,86,€53.5M,€220K,Right,4 ,4 ,3 ,High/Medium,Normal (170-185),Yes,€109.7M,"Dribbler,Playmaker,Complete midfielder",241,FC Barcelona,53,La Liga,https://cdn.sofifa.net/meta/team/83/30.png,84,RCM,22,2023-07-01,2025,1337,Germany,78,Friendly International,https://cdn.sofifa.net/meta/team/18660/30.png,85,CAM,21,77,82,50,88,75,86,86,80,84,91,65,60,77,86,77,79,67,75,73,80,70,75,84,86,80,87,77,75,67,11,14,5,5,13,"Incisive Pass,Press Proven,Long Shot Taker (CPU AI),Injury Prone"
186153,2024-07-08,Wojciech Szczęsny,Wojciech Tomasz Szczęsny,"Wojciech Szczęsny (Wojciech Tomasz Szczęsny, born 18 April 1990) is a Polish footballer who plays as a goalkeeper for Italian club Juventus, and the Poland national team. In the game FC 24, his overall rating is 86.",https://cdn.sofifa.net/players/186/153/24_120.png,196,90,1990-04-18,GK,86,86,€22M,€125K,Right,3 ,1 ,3 ,Medium/Medium,Lean (185+),Yes,€37.4M,,45,Juventus,31,Serie A,https://cdn.sofifa.net/meta/team/625/30.png,80,GK,1,2017-07-19,2025,1353,Poland,78,Friendly International,https://cdn.sofifa.net/meta/team/18699/30.png,77,GK,1,12,12,16,32,14,11,16,14,36,22,51,47,55,82,51,55,70,45,65,14,40,15,14,48,18,65,20,13,12,86,83,73,86,87,"Long Ball Pass,Far Throw,Cross Claimer"
177003,2024-07-08,Luka Modrić,Luka Modrić,"Luka Modrić (born 9 September 1985) is a Croatian footballer who plays as a center midfield for Spanish club Real Madrid, and the Croatia national team. In the game FC 24, his overall rating is 86.",https://cdn.sofifa.net/players/177/003/24_120.png,172,66,1985-09-09,"CM,CAM,CDM",86,86,€21.5M,€175K,Right,4 ,4 ,4 ,Medium/Medium,Lean (170-185),Yes,€44.1M,"Playmaker,Crosser,Acrobat,Complete midfielder",243,Real Madrid,53,La Liga,https://cdn.sofifa.net/meta/team/3468/30.png,85,SUB,10,2012-08-01,2024,1328,Croatia,78,Friendly International,https://cdn.sofifa.net/meta/team/18588/30.png,79,RCM,10,86,72,55,90,76,84,85,78,90,90,75,70,92,85,92,79,67,76,58,82,62,79,76,90,83,91,70,73,72,13,9,7,14,9,"Trivela +,Incisive Pass,Long Ball Pass,Whipped Cross,Technical,Long Shot Taker (CPU AI),Team Player"
20801,2024-07-08,Cristiano Ronaldo,Cristiano Ronaldo dos Santos Aveiro,"Cristiano Ronaldo (Cristiano Ronaldo dos Santos Aveiro, born 5 February 1985) is a Portuguese footballer who plays as a striker for Saudi Arabian club Al Nassr, and the Portugal national team. In the game FC 24, his overall rating is 86.",https://cdn.sofifa.net/players/020/801/24_120.png,187,85,1985-02-05,ST,86,86,€23M,€66K,Right,4 ,5 ,5 ,High/Low,Unique,Yes,€36.8M,"Distance shooter,Clinical finisher",112139,Al Nassr,350,Pro League,https://cdn.sofifa.net/meta/team/2506/30.png,75,ST,7,2023-01-01,2025,1354,Portugal,78,Friendly International,https://cdn.sofifa.net/meta/team/18701/30.png,84,ST,7,78,87,87,79,83,77,79,76,70,86,73,80,76,87,61,92,93,80,76,85,62,29,90,78,90,92,24,32,24,7,11,15,14,11,"Power Shot +,Power Header,Flair,Trickster,Trivela,Acrobatic,Aerial,Long Shot Taker (CPU AI)"
232656,2024-07-08,Theo Hernández,Theo Bernard François Hernández,"Theo Hernández (Theo Bernard François Hernández, born 6 October 1997) is a French footballer who plays as a left back for Italian club Milan, and the France national team. In the game FC 24, his overall rating is 85.",https://cdn.sofifa.net/players/232/656/24_120.png,184,81,1997-10-06,"LB,LM,CB",85,88,€66M,€90K,Left,3 ,3 ,3 ,High/Medium,Unique,Yes,€117.2M,Speedster,47,Milan,31,Serie A,https://cdn.sofifa.net/meta/team/113/30.png,81,LB,19,2019-07-05,2026,1335,France,78,Friendly International,https://cdn.sofifa.net/meta/team/18647/30.png,84,LB,22,84,67,74,81,78,83,74,75,68,79,92,94,78,85,76,84,90,90,81,75,82,78,80,73,75,80,74,81,80,12,10,7,7,7,"Rapid,Quick Step,Relentless,Long Throw,Long Shot Taker (CPU AI),Early Crosser (CPU AI),Leadership"
215914,2024-07-08,N'Golo Kanté,N'Golo Kanté,"N'Golo Kanté (born 29 March 1991) is a French footballer who plays as a central defensive midfielder for Saudi Arabian club Al Ittihad. In the game FC 24, his overall rating is 85.",https://cdn.sofifa.net/players/215/914/24_120.png,168,70,1991-03-29,"CDM,CM",85,85,€36M,€67K,Right,3 ,2 ,4 ,Medium/High,Unique,Yes,€57.6M,"Tackling,Tactician",607,Al Ittihad,350,Pro League,https://cdn.sofifa.net/meta/team/476/30.png,75,RDM,7,2023-07-01,2026,,,,,,,,,68,64,54,80,56,78,49,49,74,81,74,64,78,87,92,71,70,82,70,65,87,88,72,77,54,82,88,90,85,15,12,10,7,10,"Intercept +,Relentless,Injury Prone"
197445,2024-07-08,David Alaba,David Olatukunbo Alaba,"David Alaba (David Olatukunbo Alaba, born 24 June 1992) is an Austrian footballer who plays as a center back for Spanish club Real Madrid. In the game FC 24, his overall rating is 85.",https://cdn.sofifa.net/players/197/445/24_120.png,180,78,1992-06-24,"CB,LB",85,85,€37M,€200K,Left,4 ,3 ,4 ,Medium/High,Normal (170-185),Yes,€75.9M,Tactician,243,Real Madrid,53,La Liga,https://cdn.sofifa.net/meta/team/3468/30.png,85,SUB,4,2021-07-01,2026,,,,,,,,,83,62,77,88,67,77,76,85,80,83,79,79,76,88,78,82,86,73,78,78,77,87,73,78,79,84,89,84,83,5,7,14,15,9,"Dead Ball,Anticipate,Long Shot Taker (CPU AI)"
235805,2024-07-08,Federico Chiesa,Federico Chiesa,"Federico Chiesa (born 25 October 1997) is an Italian footballer who plays as a left midfield for Italian club Juventus, and the Italy national team. In the game FC 24, his overall rating is 84.",https://cdn.sofifa.net/players/235/805/24_120.png,175,70,1997-10-25,"LM,ST,LW",84,85,€50.5M,€140K,Right,4 ,4 ,3 ,High/Medium,Unique,Yes,€89.6M,"Speedster,Dribbler,Acrobat",45,Juventus,31,Serie A,https://cdn.sofifa.net/meta/team/625/30.png,80,LS,7,2022-07-01,2025,1343,Italy,78,Friendly International,https://cdn.sofifa.net/meta/team/18658/30.png,82,LW,14,75,83,53,78,84,89,78,62,76,83,92,92,89,84,84,86,76,85,70,84,74,54,84,77,62,82,51,51,48,6,7,8,9,7,"Rapid +,Finesse Shot,Flair,Quick Step,Trivela,Long Shot Taker (CPU AI)"
213331,2024-07-08,Jonathan Tah,Jonathan Tah,"Jonathan Tah (born 11 February 1996) is a German footballer who plays as a center back for German club Bayer 04 Leverkusen, and the Germany national team. In the game FC 24, his overall rating is 84.",https://cdn.sofifa.net/players/213/331/24_120.png,195,94,1996-02-11,CB,84,85,€42.5M,€74K,Right,4 ,2 ,2 ,Low/Medium,Stocky (185+),Yes,€75.4M,"Aerial threat,Strength",32,Bayer 04 Leverkusen,19,Bundesliga,https://cdn.sofifa.net/meta/team/3321/30.png,82,CB,4,2015-07-16,2025,1337,Germany,78,Friendly International,https://cdn.sofifa.net/meta/team/18660/30.png,85,LCB,4,39,32,86,78,33,60,37,27,68,67,55,79,49,83,40,60,87,75,92,26,83,82,36,56,38,79,85,85,80,11,8,7,9,14,"Solid Player,Leadership"
201024,2024-07-08,Kalidou Koulibaly,Kalidou Koulibaly,"Kalidou Koulibaly (born 20 June 1991) is a Senegalese footballer who plays as a center back for Saudi Arabian club Al Hilal. In the game FC 24, his overall rating is 84.",https://cdn.sofifa.net/players/201/024/24_120.png,186,93,1991-06-20,CB,84,84,€27.5M,€62K,Right,4 ,2 ,3 ,Medium/High,Unique,Yes,€44M,Strength,605,Al Hilal,350,Pro League,https://cdn.sofifa.net/meta/team/7011/30.png,78,RCB,3,2023-07-01,2026,,,,,,,,,50,43,82,71,48,70,53,39,69,72,66,85,45,84,33,67,82,74,91,38,84,83,50,65,50,82,86,85,83,7,11,7,13,5,"Power Header,Block,Anticipate,Bruiser"
192629,2024-07-08,Iago Aspas,Iago Aspas Juncal,"Iago Aspas (born 1 August 1987) is a Spanish footballer who plays as a striker for Spanish club Celta de Vigo. In the game FC 24, his overall rating is 84.",https://cdn.sofifa.net/players/192/629/24_120.png,176,67,1987-08-01,ST,84,84,€18M,€35K,Left,4 ,3 ,3 ,High/High,Lean (170-185),Yes,€37.8M,Clinical finisher,450,Celta de Vigo,53,La Liga,https://cdn.sofifa.net/meta/team/36/30.png,76,RS,10,2015-07-01,2025,,,,,,,,,80,90,77,79,82,87,79,83,73,87,78,83,85,86,72,82,80,69,61,81,65,39,88,81,82,85,39,21,18,12,16,9,12,13,"Chip Shot +,Finesse Shot,Dead Ball,Incisive Pass,Trivela,Team Player,Leadership"
188377,2024-07-08,Kyle Walker,Kyle Walker,"Kyle Walker (born 28 May 1990) is a British footballer who plays as a right back for British club Manchester City, and the England national team. In the game FC 24, his overall rating is 84.",https://cdn.sofifa.net/players/188/377/24_120.png,183,83,1990-05-28,RB,84,84,€22M,€155K,Right,2 ,3 ,3 ,High/High,Unique,Yes,€40.7M,,10,Manchester City,13,Premier League,https://cdn.sofifa.net/meta/team/9/30.png,85,RB,2,2017-07-14,2026,1318,England,78,Friendly International,https://cdn.sofifa.net/meta/team/18645/30.png,85,RB,2,77,51,72,81,57,79,76,71,81,81,85,94,66,85,69,86,87,81,80,69,84,78,68,69,63,75,75,85,83,12,6,16,15,8,"Jockey,Rapid,Long Throw"
176580,2024-07-08,Luis Suárez,Luis Alberto Suárez Díaz,"Luis Suárez (Luis Alberto Suárez Díaz, born 24 January 1987) is a Uruguayan footballer who plays as a striker for American club Inter Miami. In the game FC 24, his overall rating is 84.",https://cdn.sofifa.net/players/176/580/24_120.png,182,86,1987-01-24,ST,84,84,€14.5M,€14K,Right,4 ,3 ,4 ,High/Medium,Unique,Yes,€20.3M,Clinical finisher,112893,Inter Miami,39,Major League Soccer,https://cdn.sofifa.net/meta/team/239235/30.png,75,ST,9,2024-01-01,2024,,,,,,,,,75,87,83,78,88,77,85,81,73,81,65,64,66,86,71,86,79,53,81,84,87,35,90,80,82,86,35,38,35,27,25,31,33,37,"Trivela,Team Player"
201535,2024-07-08,Raphaël Varane,Raphaël Varane,"Raphaël Varane (born 25 April 1993) is a French footballer who plays as a center back for British club Manchester United. In the game FC 24, his overall rating is 83.",https://cdn.sofifa.net/players/201/535/24_120.png,191,81,1993-04-25,CB,83,83,€30M,€135K,Right,4 ,2 ,3 ,Medium/Medium,Unique,Yes,€57M,,11,Manchester United,13,Premier League,https://cdn.sofifa.net/meta/team/14/30.png,81,SUB,19,2021-07-27,2024,,,,,,,,,42,46,84,78,42,67,46,52,76,75,73,80,60,81,39,52,90,58,84,53,78,83,55,59,43,79,84,86,79,11,11,9,5,14,"Anticipate,Aerial,Injury Prone"
199845,2024-07-08,Francesco Acerbi,Francesco Acerbi,"Francesco Acerbi (born 10 February 1988) is an Italian footballer who plays as a center back for Italian club Inter, and the Italy national team. In the game FC 24, his overall rating is 83.",https://cdn.sofifa.net/players/199/845/24_120.png,192,88,1988-02-10,CB,83,83,€9.5M,€67K,Left,3 ,3 ,3 ,Medium/High,Normal (185+),Yes,€15.7M,,44,Inter,31,Serie A,https://cdn.sofifa.net/meta/team/2930/30.png,83,CB,15,2023-07-01,2025,1343,Italy,78,Friendly International,https://cdn.sofifa.net/meta/team/18658/30.png,82,RCB,15,34,37,84,76,39,65,58,56,79,71,61,59,38,83,33,75,86,68,85,60,80,84,20,65,61,86,87,89,82,11,9,9,13,11,"Long Ball Pass,Block,Bruiser,Aerial"
241651,2024-07-08,Viktor Gyökeres,Viktor Einar Gyökeres,"Viktor Gyökeres (Viktor Einar Gyökeres, born 4 June 1998) is a Swedish footballer who plays as a striker for Portuguese club Sporting CP, and the Sweden national team. In the game FC 24, his overall rating is 82.",https://cdn.sofifa.net/players/241/651/24_120.png,187,90,1998-06-04,"ST,LW,CF",82,87,€45M,€22K,Right,4 ,3 ,1 ,High/Medium,Normal (185+),Yes,€93.4M,Strength,237,Sporting CP,308,Primeira Liga,https://cdn.sofifa.net/meta/team/58/30.png,78,ST,9,2023-07-13,2028,1363,Sweden,78,Friendly International,https://cdn.sofifa.net/meta/team/18564/30.png,77,RS,17,61,85,78,73,74,81,70,59,52,80,85,88,70,79,81,85,94,93,90,72,82,28,83,74,79,79,34,34,16,10,13,11,14,8,"Press Proven,Solid Player,Leadership"
228618,2024-07-08,Ferland Mendy,Ferland Mendy,"Ferland Mendy (born 8 June 1995) is a French footballer who plays as a left back for Spanish club Real Madrid. In the game FC 24, his overall rating is 82.",https://cdn.sofifa.net/players/228/618/24_120.png,180,73,1995-06-08,LB,82,82,€27.5M,€160K,Left,5 ,4 ,1 ,Medium/High,Unique,Yes,€56.4M,,243,Real Madrid,53,La Liga,https://cdn.sofifa.net/meta/team/3468/30.png,85,LB,23,2019-07-01,2025,,,,,,,,,76,63,72,79,50,75,72,45,77,74,88,89,80,79,79,69,90,89,84,64,81,78,77,75,49,77,78,79,78,7,16,9,10,9,"Block,Rapid,Flair"
216201,2024-07-08,Iñaki Williams,Iñaki Williams Arthuer,"Iñaki Williams (born 15 June 1994) is a Ghanaian footballer who plays as a right midfield for Spanish club Athletic Club, and the Ghana national team. In the game FC 24, his overall rating is 82.",https://cdn.sofifa.net/players/216/201/24_120.png,186,80,1994-06-15,"RM,ST",82,82,€30M,€40K,Right,3 ,4 ,2 ,High/Medium,Lean (185+),Yes,€63M,Speedster,448,Athletic Club,53,La Liga,https://cdn.sofifa.net/meta/team/13258/30.png,80,RM,9,2012-08-01,2028,111462,Ghana,78,Friendly International,https://cdn.sofifa.net/meta/team/18553/30.png,75,RM,19,78,82,80,74,79,83,80,58,62,80,93,94,77,83,62,85,95,88,84,76,76,30,85,73,68,78,42,48,38,14,15,14,10,13,"Chip Shot,Rapid,Quick Step,Trivela,Solid Player,Team Player"
190941,2024-07-08,Lukáš Hrádecký,Lukáš Hrádecký,"Lukáš Hrádecký (born 24 November 1989) is a Finnish footballer who plays as a goalkeeper for German club Bayer 04 Leverkusen, and the Finland national team. In the game FC 24, his overall rating is 82.",https://cdn.sofifa.net/players/190/941/24_120.png,192,85,1989-11-24,GK,82,82,€10M,€50K,Right,3 ,1 ,3 ,Medium/Medium,Normal (185+),Yes,€17M,,32,Bayer 04 Leverkusen,19,Bundesliga,https://cdn.sofifa.net/meta/team/3321/30.png,82,GK,1,2018-07-01,2026,1334,Finland,78,Friendly International,https://cdn.sofifa.net/meta/team/18570/30.png,71,GK,1,11,11,11,30,9,10,11,15,33,20,38,44,43,81,39,50,59,34,55,14,31,18,9,53,20,45,10,10,13,84,78,66,80,87,"Footwork,Team Player,Leadership"
189332,2024-07-08,Jordi Alba,Jordi Alba Ramos,"Jordi Alba (born 21 March 1989) is a Spanish footballer who plays as a left back for American club Inter Miami. In the game FC 24, his overall rating is 82.",https://cdn.sofifa.net/players/189/332/24_120.png,170,68,1989-03-21,"LB,LWB",82,82,€11M,€13K,Left,3 ,3 ,3 ,High/Medium,Unique,Yes,€15.4M,,112893,Inter Miami,39,Major League Soccer,https://cdn.sofifa.net/meta/team/239235/30.png,75,LB,18,2023-07-21,2024,,,,,,,,,83,73,70,85,75,79,82,63,81,82,84,81,83,79,84,64,76,83,58,66,75,78,83,77,59,80,70,75,75,13,15,13,6,13,"Jockey,Block,Anticipate,Rapid,Early Crosser (CPU AI)"
239093,2024-07-08,Jonathan Clauss,Jonathan Clauss,"Jonathan Clauss (born 25 September 1992) is a French footballer who plays as a right back for French club Olympique de Marseille, and the France national team. In the game FC 24, his overall rating is 80.",https://cdn.sofifa.net/players/239/093/24_120.png,178,69,1992-09-25,"RB,RWB",80,80,€18M,€43K,Right,3 ,3 ,2 ,High/Medium,Lean (170-185),No,€34.2M,,219,Olympique de Marseille,16,Ligue 1,https://cdn.sofifa.net/meta/team/44/30.png,77,RWB,7,2022-07-20,2025,1335,France,78,Friendly International,https://cdn.sofifa.net/meta/team/18647/30.png,84,RB,3,84,68,62,76,56,76,77,76,67,79,85,88,83,81,77,77,76,82,63,68,67,72,75,75,52,76,71,76,74,15,14,15,8,15,"Whipped Cross,Anticipate,Relentless,Long Throw,Early Crosser (CPU AI)"
235374,2024-07-08,Manuel Lazzari,Manuel Lazzari,"Manuel Lazzari (born 29 November 1993) is an Italian footballer who plays as a right back for Italian club Lazio, and the Italy national team. In the game FC 24, his overall rating is 79.",https://cdn.sofifa.net/players/235/374/24_120.png,174,67,1993-11-29,RB,79,79,€15.5M,€51K,Right,3 ,3 ,2 ,High/Medium,Normal (170-185),No,€26.4M,Speedster,46,Lazio,31,Serie A,https://cdn.sofifa.net/meta/team/43/30.png,80,RB,29,2019-07-12,2027,1343,Italy,78,Friendly International,https://cdn.sofifa.net/meta/team/18658/30.png,82,SUB,6,83,67,44,78,59,82,68,58,75,81,93,92,89,78,89,53,66,86,56,57,66,73,74,74,55,76,72,75,69,14,6,11,5,11,"Rapid,Quick Step"
246688,2024-07-08,Saud Abdulhamid,Saud Abdullah Abdul Hamid,"Saud Abdulhamid (Saud Abdullah Abdul Hamid, born 18 July 1999) is a Saudi Arabian footballer who plays as a right back for Saudi Arabian club Al Hilal. In the game FC 24, his overall rating is 77.",https://cdn.sofifa.net/players/246/688/24_120.png,175,70,1999-07-18,RB,77,82,€15M,€31K,Right,3 ,3 ,1 ,High/High,Normal (170-185),No,€25.1M,"Speedster,Engine",605,Al Hilal,350,Pro League,https://cdn.sofifa.net/meta/team/7011/30.png,78,RB,66,2022-01-22,2025,,,,,,,,,74,40,60,68,35,72,60,43,64,64,91,92,82,72,86,52,73,94,69,45,74,73,74,58,48,62,69,75,69,5,9,6,12,14,"Long Throw +,Rapid,Quick Step,Relentless,Early Crosser (CPU AI)"
226853,2024-07-08,Jeremiah St. Juste,Jeremiah St. Juste,"Jeremiah St. Juste (born 19 October 1996) is a Dutch footballer who plays as a center back for Portuguese club Sporting CP. In the game FC 24, his overall rating is 77.",https://cdn.sofifa.net/players/226/853/24_120.png,186,76,1996-10-19,"CB,RB",77,80,€12M,€13K,Right,3 ,3 ,2 ,High/Medium,Lean (185+),No,€24.9M,Speedster,237,Sporting CP,308,Primeira Liga,https://cdn.sofifa.net/meta/team/58/30.png,78,SUB,3,2022-07-01,2026,,,,,,,,,61,59,70,75,48,75,36,42,71,75,90,96,79,79,70,66,85,68,74,48,72,82,64,62,59,68,81,78,76,12,14,9,13,11,"Long Ball Pass,Intercept,Flair,Quick Step,Aerial,Injury Prone"
204539,2024-07-08,Luis Advíncula,Luis Jan Piers Advíncula Castrillón,"Luis Advíncula (Luis Jan Piers Advíncula Castrillón, born 2 March 1990) is a Peruvian footballer who plays as a right back for Argentine club Boca Juniors. In the game FC 24, his overall rating is 76.",https://cdn.sofifa.net/players/204/539/24_120.png,180,80,1990-03-02,"RB,RW,RM",76,76,€3.9M,€17K,Right,3 ,3 ,1 ,Medium/Medium,Normal (170-185),Yes,€5.9M,Speedster,1877,Boca Juniors,353,Liga Profesional de Fútbol,https://cdn.sofifa.net/meta/team/587/30.png,74,SUB,17,2021-07-31,2024,,,,,,,,,73,65,62,72,59,74,76,63,67,72,90,90,82,71,80,77,85,88,79,74,75,71,74,67,64,62,69,71,67,11,12,13,15,11,"Power Shot,Whipped Cross,Rapid,Long Shot Taker (CPU AI)"
24630,2024-07-08,Pepe Reina,José Manuel Reina Páez,"Pepe Reina (born 31 August 1982) is a Spanish footballer who plays as a goalkeeper for Spanish club Villarreal. In the game FC 24, his overall rating is 76.",https://cdn.sofifa.net/players/024/630/24_120.png,188,92,1982-08-31,GK,76,76,€825K,€13K,Right,3 ,1 ,3 ,Medium/Medium,Unique,Yes,€1.7M,,483,Villarreal,53,La Liga,https://cdn.sofifa.net/meta/team/3477/30.png,78,SUB,1,2022-07-08,2024,,,,,,,,,11,14,13,37,11,10,11,11,39,23,43,49,50,72,60,58,65,34,70,15,32,22,13,65,24,64,20,22,24,75,75,77,77,74,Far Throw
183108,2024-07-08,Nordin Amrabat,Noureddine Amrabat,"Nordin Amrabat (Noureddine Amrabat, born 31 March 1987) is a Moroccan footballer who plays as a right midfield for Greek club AEK Athens. In the game FC 24, his overall rating is 75.",https://cdn.sofifa.net/players/183/108/24_120.png,179,87,1987-03-31,"RM,RW,LM",75,75,€1.8M,€950,Right,2 ,3 ,2 ,High/High,Stocky (170-185),Yes,€4M,Strength,278,AEK Athens,63,Super League,https://cdn.sofifa.net/meta/team/781/30.png,74,SUB,5,2021-08-16,2024,,,,,,,,,77,66,59,74,69,75,79,67,74,75,76,79,82,73,80,73,83,80,89,65,87,59,70,73,75,79,45,62,53,11,14,7,6,13,"Rapid,Early Crosser (CPU AI)"
212212,2024-07-08,Dominik Kohr,Dominik Kohr,"Dominik Kohr (born 31 January 1994) is a German footballer who plays as a central defensive midfielder for German club FSV Mainz 05. In the game FC 24, his overall rating is 75.",https://cdn.sofifa.net/players/212/212/24_120.png,183,80,1994-01-31,"CDM,CM,CB",75,75,€4.8M,€24K,Right,3 ,3 ,2 ,Medium/High,Normal (170-185),Yes,€8.2M,,169,FSV Mainz 05,19,Bundesliga,https://cdn.sofifa.net/meta/team/794/30.png,75,SUB,31,2022-05-12,2026,,,,,,,,,42,58,73,73,45,69,51,48,65,73,77,88,67,75,67,77,86,82,77,71,93,74,52,67,47,76,76,75,73,6,11,9,10,7,"Slide Tackle,Bruiser,Relentless,Leadership"
213013,2024-07-08,Frank Acheampong,Frank Opoku Acheampong,"Frank Acheampong (Frank Opoku Acheampong, born 16 October 1993) is a Ghanaian footballer who plays as a striker for Chinese club Henan. In the game FC 24, his overall rating is 72.",https://cdn.sofifa.net/players/213/013/24_120.png,172,70,1993-10-16,"ST,LW,RW",72,72,€2.3M,€11K,Left,3 ,4 ,1 ,High/Low,Normal (170-185),No,€3.6M,"Speedster,Acrobat",111779,Henan,2012,Super League,https://cdn.sofifa.net/meta/team/8428/30.png,65,LM,11,2024-02-12,2024,,,,,,,,,60,74,53,71,67,78,71,57,65,73,90,92,91,74,90,74,80,91,76,71,63,42,67,71,63,68,40,48,42,14,9,10,16,13,"Rapid,Quick Step,Long Shot Taker (CPU AI)"
242166,2024-07-08,Amor Layouni,Amor Yonas Layouni,"Amor Layouni (Amor Yonas Layouni, born 3 October 1992) is a Tunisian footballer who plays as a right winger for Swedish club Häcken. In the game FC 24, his overall rating is 72.",https://cdn.sofifa.net/players/242/166/24_120.png,191,81,1992-10-03,"RW,LW",72,72,€2.3M,€7K,Left,4 ,3 ,1 ,High/Medium,Lean (185+),No,€2.9M,Speedster,711,Häcken,56,Allsvenskan,https://cdn.sofifa.net/meta/team/2535/30.png,68,RW,24,2023-07-10,2025,,,,,,,,,64,74,56,64,63,71,65,55,61,71,90,93,73,67,62,73,81,70,75,66,65,37,68,69,58,70,39,40,39,15,14,7,13,6,
266245,2024-07-08,Nestory Irankunda,Nestory Irankunda,"Nestory Irankunda (born 9 February 2006) is an Australian soccer player who plays as a right midfield for Australian club Adelaide United. In the game FC 24, his overall rating is 66.",https://cdn.sofifa.net/players/266/245/24_120.png,174,74,2006-02-09,"RM,LM",66,85,€2.1M,€500,Right,3 ,3 ,1 ,Medium/Medium,Normal (170-185),No,€3.9M,Speedster,111393,Adelaide United,351,A-League Men,https://cdn.sofifa.net/meta/team/2967/30.png,63,RM,66,2021-09-27,2024,,,,,,,,,58,64,53,57,55,66,63,69,52,62,95,91,88,62,89,87,81,58,74,68,78,39,56,62,56,62,32,46,47,8,10,12,7,8,"Power Shot,Rapid,Quick Step,Long Shot Taker (CPU AI)"
